reservoir_name,forecast_date,forecast_level_ft,forecast_min_level_ft,forecast_max_level_ft,forecast_trend
AMARAVATHI*,2025-12-27,84.592,84.511,84.674,Falling
AMARAVATHI*,2025-12-28,84.59,84.494,84.686,Falling
AMARAVATHI*,2025-12-29,84.589,84.485,84.694,Falling
AMARAVATHI*,2025-12-30,84.589,84.477,84.701,Falling
AMARAVATHI*,2025-12-31,84.589,84.471,84.708,Falling
AMARAVATHI*,2026-01-01,84.589,84.464,84.714,Falling
AMARAVATHI*,2026-01-02,84.589,84.458,84.72,Falling
Aliyar,2025-12-27,115.499,115.49,115.509,Falling
Aliyar,2025-12-28,115.499,115.489,115.509,Rising
Aliyar,2025-12-29,115.499,115.489,115.51,Falling
Aliyar,2025-12-30,115.499,115.488,115.511,Rising
Aliyar,2025-12-31,115.499,115.487,115.511,Falling
Aliyar,2026-01-01,115.499,115.487,115.512,Rising
Aliyar,2026-01-02,115.499,115.486,115.513,Falling
BHAVANISAGAR,2025-12-27,98.689,98.682,98.696,Falling
BHAVANISAGAR,2025-12-28,98.688,98.677,98.699,Falling
BHAVANISAGAR,2025-12-29,98.687,98.672,98.701,Falling
BHAVANISAGAR,2025-12-30,98.685,98.667,98.704,Falling
BHAVANISAGAR,2025-12-31,98.684,98.661,98.707,Falling
BHAVANISAGAR,2026-01-01,98.682,98.654,98.71,Falling
BHAVANISAGAR,2026-01-02,98.68,98.646,98.713,Falling
Harangi,2025-12-27,98.206,97.379,99.033,Falling
Harangi,2025-12-28,98.207,97.074,99.34,Rising
Harangi,2025-12-29,98.207,96.825,99.588,Falling
Harangi,2025-12-30,98.207,96.618,99.796,Rising
Harangi,2025-12-31,98.207,96.434,99.98,Falling
Harangi,2026-01-01,98.207,96.267,100.147,Rising
Harangi,2026-01-02,98.207,96.114,100.3,Falling
Hemavathy,2025-12-27,99.376,99.32,99.431,Falling
Hemavathy,2025-12-28,99.372,99.287,99.457,Falling
Hemavathy,2025-12-29,99.37,99.259,99.48,Falling
Hemavathy,2025-12-30,99.367,99.233,99.502,Falling
Hemavathy,2025-12-31,99.366,99.209,99.523,Falling
Hemavathy,2026-01-01,99.364,99.186,99.543,Falling
Hemavathy,2026-01-02,99.363,99.165,99.562,Falling
Kabini,2025-12-27,56.62,56.618,56.622,Rising
Kabini,2025-12-28,56.62,56.617,56.623,Falling
Kabini,2025-12-29,56.62,56.617,56.623,Rising
Kabini,2025-12-30,56.62,56.616,56.624,Falling
Kabini,2025-12-31,56.62,56.616,56.624,Rising
Kabini,2026-01-01,56.62,56.615,56.625,Falling
Kabini,2026-01-02,56.62,56.615,56.625,Rising
Krishna Raja Sagar,2025-12-27,123.95,123.949,123.951,Falling
Krishna Raja Sagar,2025-12-28,123.95,123.948,123.952,Falling
Krishna Raja Sagar,2025-12-29,123.95,123.947,123.953,Falling
Krishna Raja Sagar,2025-12-30,123.95,123.947,123.953,Falling
Krishna Raja Sagar,2025-12-31,123.95,123.947,123.953,Falling
Krishna Raja Sagar,2026-01-01,123.95,123.946,123.954,Falling
Krishna Raja Sagar,2026-01-02,123.95,123.946,123.954,Falling
Krishnagiri,2025-12-27,47.55,47.541,47.559,Rising
Krishnagiri,2025-12-28,47.55,47.537,47.564,Falling
Krishnagiri,2025-12-29,47.55,47.533,47.567,Rising
Krishnagiri,2025-12-30,47.55,47.531,47.57,Falling
Krishnagiri,2025-12-31,47.55,47.528,47.572,Rising
Krishnagiri,2026-01-01,47.55,47.526,47.574,Falling
Krishnagiri,2026-01-02,47.55,47.524,47.576,Rising
METTUR,2025-12-27,109.247,109.225,109.269,Falling
METTUR,2025-12-28,109.244,109.209,109.28,Falling
METTUR,2025-12-29,109.242,109.194,109.291,Falling
METTUR,2025-12-30,109.241,109.18,109.301,Falling
METTUR,2025-12-31,109.239,109.167,109.312,Falling
METTUR,2026-01-01,109.239,109.155,109.322,Falling
METTUR,2026-01-02,109.238,109.144,109.332,Falling
Manimuthar,2025-12-27,108.801,108.79,108.811,Rising
Manimuthar,2025-12-28,108.802,108.776,108.827,Rising
Manimuthar,2025-12-29,108.803,108.752,108.854,Rising
Manimuthar,2025-12-30,108.806,108.712,108.899,Rising
Manimuthar,2025-12-31,108.81,108.646,108.975,Rising
Manimuthar,2026-01-01,108.817,108.535,109.1,Rising
Manimuthar,2026-01-02,108.83,108.35,109.309,Rising
Papanasam (TN EB Dam),2025-12-27,128.603,128.587,128.62,Rising
Papanasam (TN EB Dam),2025-12-28,128.598,128.581,128.615,Falling
Papanasam (TN EB Dam),2025-12-29,128.606,128.577,128.635,Rising
Papanasam (TN EB Dam),2025-12-30,128.594,128.564,128.625,Falling
Papanasam (TN EB Dam),2025-12-31,128.612,128.562,128.662,Rising
Papanasam (TN EB Dam),2026-01-01,128.586,128.527,128.645,Falling
Papanasam (TN EB Dam),2026-01-02,128.625,128.529,128.72,Rising
Parambikulam,2025-12-27,69.019,69.015,69.023,Falling
Parambikulam,2025-12-28,69.019,69.012,69.025,Falling
Parambikulam,2025-12-29,69.018,69.009,69.027,Falling
Parambikulam,2025-12-30,69.017,69.005,69.03,Falling
Parambikulam,2025-12-31,69.016,69.0,69.033,Falling
Parambikulam,2026-01-01,69.016,68.996,69.036,Falling
Parambikulam,2026-01-02,69.015,68.99,69.039,Falling
Pechiparai,2025-12-27,41.49,41.485,41.495,Falling
Pechiparai,2025-12-28,41.49,41.484,41.496,Rising
Pechiparai,2025-12-29,41.49,41.482,41.497,Falling
Pechiparai,2025-12-30,41.49,41.482,41.498,Rising
Pechiparai,2025-12-31,41.49,41.481,41.499,Falling
Pechiparai,2026-01-01,41.49,41.48,41.5,Rising
Pechiparai,2026-01-02,41.49,41.479,41.501,Falling
Periyar**,2025-12-27,133.554,133.534,133.574,Rising
Periyar**,2025-12-28,133.553,133.519,133.586,Falling
Periyar**,2025-12-29,133.553,133.512,133.595,Rising
Periyar**,2025-12-30,133.553,133.504,133.601,Falling
Periyar**,2025-12-31,133.553,133.498,133.608,Rising
Periyar**,2026-01-01,133.553,133.493,133.613,Falling
Periyar**,2026-01-02,133.553,133.488,133.618,Rising
Perunchani,2025-12-27,64.47,64.463,64.477,Falling
Perunchani,2025-12-28,64.469,64.459,64.48,Falling
Perunchani,2025-12-29,64.469,64.455,64.482,Falling
Perunchani,2025-12-30,64.469,64.452,64.485,Falling
Perunchani,2025-12-31,64.468,64.449,64.488,Falling
Perunchani,2026-01-01,64.468,64.446,64.49,Falling
Perunchani,2026-01-02,64.468,64.443,64.493,Falling
Sathanur,2025-12-27,118.7,118.694,118.706,Falling
Sathanur,2025-12-28,118.7,118.692,118.708,Falling
Sathanur,2025-12-29,118.7,118.69,118.71,Falling
Sathanur,2025-12-30,118.7,118.688,118.712,Falling
Sathanur,2025-12-31,118.7,118.687,118.713,Falling
Sathanur,2026-01-01,118.7,118.686,118.714,Falling
Sathanur,2026-01-02,118.7,118.685,118.715,Falling
Sholayar,2025-12-27,124.872,123.924,125.821,Falling
Sholayar,2025-12-28,124.873,123.892,125.854,Rising
Sholayar,2025-12-29,124.873,123.859,125.887,Falling
Sholayar,2025-12-30,124.873,123.828,125.919,Rising
Sholayar,2025-12-31,124.873,123.797,125.949,Falling
Sholayar,2026-01-01,124.873,123.767,125.979,Rising
Sholayar,2026-01-02,124.873,123.738,126.009,Falling
Thirumurthy,2025-12-27,45.814,45.735,45.893,Rising
Thirumurthy,2025-12-28,45.813,45.681,45.944,Falling
Thirumurthy,2025-12-29,45.813,45.65,45.976,Rising
Thirumurthy,2025-12-30,45.813,45.622,46.004,Falling
Thirumurthy,2025-12-31,45.813,45.598,46.028,Rising
Thirumurthy,2026-01-01,45.813,45.577,46.049,Falling
Thirumurthy,2026-01-02,45.813,45.557,46.069,Rising
